path,category,uncompressed_bytes,compressed_bytes
logs/Archived Logs/smoke-tests/metrics-20260806-220959.tsv,archived-smoke,376,213
logs/Archived Logs/smoke-tests/metrics-20260806-221424.tsv,archived-smoke,376,211
logs/Archived Logs/smoke-tests/pds-v100-vllm-019-20260806-162437.log,archived-smoke,4425,1517
logs/Archived Logs/smoke-tests/pds-v100-vllm-019-20260806-163404.log,archived-smoke,9751,2100
logs/Archived Logs/smoke-tests/pds-v100-vllm-019-20260806-164530.log,archived-smoke,21355,3509
logs/Archived Logs/smoke-tests/pds-v100-vllm-019-20260806-183649.log,archived-smoke,8202,3030
logs/Archived Logs/smoke-tests/pds-v100-vllm-019-20260806-190609.log,archived-smoke,8205,3015
logs/Archived Logs/smoke-tests/pds-v100-vllm-019-20260806-214656.log,archived-smoke,8313,3039
logs/Archived Logs/smoke-tests/pds-v100-vllm-019-20260806-220959.log,archived-smoke,8378,3064
logs/Archived Logs/smoke-tests/pds-v100-vllm-019-20260806-221424.log,archived-smoke,8378,3071
logs/Archived Logs/smoke-tests/pds-v100-vllm-019-runner.py,archived-smoke,3941,1435
logs/Archived Logs/smoke-tests/pds-v100-vllm-019-smoke-test.py,archived-smoke,3236,1343
logs/Archived Logs/smoke-tests/pds-v100-vllm-021-20260806-162445.log,archived-smoke,4745,1681
logs/Archived Logs/smoke-tests/pds-v100-vllm-021-20260806-163420.log,archived-smoke,10391,2289
logs/Archived Logs/smoke-tests/pds-v100-vllm-021-20260806-164546.log,archived-smoke,22041,3749
logs/Archived Logs/smoke-tests/pds-v100-vllm-021-20260806-190452.log,archived-smoke,10405,3593
logs/Archived Logs/smoke-tests/pds-v100-vllm-021-20260806-190627.log,archived-smoke,10408,3575
logs/Archived Logs/smoke-tests/pds-v100-vllm-021-20260806-214715.log,archived-smoke,10516,3604
logs/Archived Logs/smoke-tests/pds-v100-vllm-021-20260806-221018.log,archived-smoke,10581,3637
logs/Archived Logs/smoke-tests/pds-v100-vllm-021-20260806-221443.log,archived-smoke,10581,3643
logs/Archived Logs/smoke-tests/pds-v100-vllm-021-runner.py,archived-smoke,3941,1435
logs/Archived Logs/smoke-tests/pds-v100-vllm-021-smoke-test.py,archived-smoke,3236,1343
logs/Archived Logs/smoke-tests/pds-v100-vllm-023-20260806-201724.log,archived-smoke,4751,1688
logs/Archived Logs/smoke-tests/pds-v100-vllm-023-20260806-202414.log,archived-smoke,10360,3492
logs/Archived Logs/smoke-tests/pds-v100-vllm-023-20260806-203313.log,archived-smoke,176,168
logs/Archived Logs/smoke-tests/pds-v100-vllm-023-20260806-203716.log,archived-smoke,10471,3519
logs/Archived Logs/smoke-tests/pds-v100-vllm-023-20260806-204220.log,archived-smoke,10471,3518
logs/Archived Logs/smoke-tests/pds-v100-vllm-023-20260806-205103.log,archived-smoke,10471,3513
logs/Archived Logs/smoke-tests/pds-v100-vllm-023-20260806-214738.log,archived-smoke,10471,3518
logs/Archived Logs/smoke-tests/pds-v100-vllm-023-20260806-221040.log,archived-smoke,10536,3540
logs/Archived Logs/smoke-tests/pds-v100-vllm-023-20260806-221506.log,archived-smoke,10536,3539
logs/Archived Logs/smoke-tests/pds-v100-vllm-023-runner.py,archived-smoke,3941,1435
logs/Archived Logs/smoke-tests/summary-20260806-162437.txt,archived-smoke,417,247
logs/Archived Logs/smoke-tests/summary-20260806-163404.txt,archived-smoke,417,246
logs/Archived Logs/smoke-tests/summary-20260806-164530.txt,archived-smoke,417,248
logs/Archived Logs/smoke-tests/summary-20260806-183649.txt,archived-smoke,293,224
logs/Archived Logs/smoke-tests/summary-20260806-190452.txt,archived-smoke,293,225
logs/Archived Logs/smoke-tests/summary-20260806-190608.txt,archived-smoke,413,237
logs/Archived Logs/smoke-tests/summary-20260806-201724.txt,archived-smoke,295,226
logs/Archived Logs/smoke-tests/summary-20260806-202414.txt,archived-smoke,293,222
logs/Archived Logs/smoke-tests/summary-20260806-203313.txt,archived-smoke,295,221
logs/Archived Logs/smoke-tests/summary-20260806-203716.txt,archived-smoke,293,221
logs/Archived Logs/smoke-tests/summary-20260806-204220.txt,archived-smoke,293,223
logs/Archived Logs/smoke-tests/summary-20260806-205103.txt,archived-smoke,293,223
logs/Archived Logs/smoke-tests/summary-20260806-214656.txt,archived-smoke,533,255
logs/Archived Logs/smoke-tests/summary-20260806-220959.txt,archived-smoke,533,255
logs/Archived Logs/smoke-tests/summary-20260806-221424.txt,archived-smoke,533,255
logs/Archived Logs/validation/20260806-192137-standard/comparison.md,validation,530,313
logs/Archived Logs/validation/20260806-192137-standard/pds-v100-vllm-019/gpu-summary.json,validation,242,150
logs/Archived Logs/validation/20260806-192137-standard/pds-v100-vllm-019/gpu.csv,validation,1098,273
logs/Archived Logs/validation/20260806-192137-standard/pds-v100-vllm-019/pds-v100-vllm-019-standard.log,validation,9214,2959
logs/Archived Logs/validation/20260806-192137-standard/pds-v100-vllm-019/result.json,validation,616,365
logs/Archived Logs/validation/20260806-192137-standard/pds-v100-vllm-019/test.py,validation,4671,1803
logs/Archived Logs/validation/20260806-192137-standard/pds-v100-vllm-021/gpu-summary.json,validation,239,147
logs/Archived Logs/validation/20260806-192137-standard/pds-v100-vllm-021/gpu.csv,validation,1249,292
logs/Archived Logs/validation/20260806-192137-standard/pds-v100-vllm-021/pds-v100-vllm-021-standard.log,validation,11141,3488
logs/Archived Logs/validation/20260806-192137-standard/pds-v100-vllm-021/result.json,validation,615,364
logs/Archived Logs/validation/20260806-192137-standard/pds-v100-vllm-021/test.py,validation,4671,1803
logs/Archived Logs/validation/20260806-192137-standard/summary.tsv,validation,737,374
logs/pds-v100-vllm-019-build-20260806-005715.log,build-log,1164580,69454
logs/pds-v100-vllm-019-build-20260806-151656.log,build-log,1112235,66953
logs/pds-v100-vllm-019-build-20260806-170923.log,build-log,1108574,65542
logs/pds-v100-vllm-019-build-20260806-174346.log,build-log,2363,777
logs/pds-v100-vllm-019-build-20260806-174705.log,build-log,1108021,65429
logs/pds-v100-vllm-021-build-20260806-022239.log,build-log,16156,2935
logs/pds-v100-vllm-021-build-20260806-153819.log,build-log,1440432,74221
logs/pds-v100-vllm-021-build-20260806-184030.log,build-log,1433656,72494
logs/pds-v100-vllm-023-build-20260806-193256.log,build-log,15802,2901
logs/pds-v100-vllm-023-build-20260806-194205.log,build-log,15879,2935
logs/pds-v100-vllm-023-build-20260806-194839.log,build-log,1952,611
logs/pds-v100-vllm-023-build-20260806-195132.log,build-log,1264766,74307
logs/pds-v100-vllm-023-build-20260806-205300.log,build-log,2363,778
logs/pds-v100-vllm-023-build-20260806-210339.log,build-log,15939,2956
logs/pds-v100-vllm-023-build-20260806-210852.log,build-log,1263089,74146
logs/vllm-tests/concurrent-metrics-20260807-005633.tsv,metrics-tsv,762,370
logs/vllm-tests/concurrent-metrics-20260807-014034.tsv,metrics-tsv,770,369
logs/vllm-tests/concurrent-metrics-20260807-015359.tsv,metrics-tsv,905,412
logs/vllm-tests/concurrent-metrics-20260807-021950.tsv,metrics-tsv,314,159
logs/vllm-tests/concurrent-metrics-20260807-032332.tsv,metrics-tsv,878,421
logs/vllm-tests/concurrent-metrics-20260807-034315.tsv,metrics-tsv,496,294
logs/vllm-tests/concurrent-metrics-20260807-040142.tsv,metrics-tsv,314,159
logs/vllm-tests/concurrent-metrics-20260807-155723.tsv,metrics-tsv,314,159
logs/vllm-tests/concurrent-metrics-20260807-160319.tsv,metrics-tsv,314,159
logs/vllm-tests/concurrent-metrics-20260807-160833.tsv,metrics-tsv,497,293
logs/vllm-tests/metrics-concurrent-20260807-005633.tsv,metrics-tsv,224,130
logs/vllm-tests/metrics-random-concurrent-20260807-014034.tsv,metrics-tsv,224,130
logs/vllm-tests/metrics-random-concurrent-20260807-015359.tsv,metrics-tsv,224,130
logs/vllm-tests/metrics-random-concurrent-20260807-021950.tsv,metrics-tsv,224,130
logs/vllm-tests/metrics-random-concurrent-20260807-032332.tsv,metrics-tsv,224,130
logs/vllm-tests/metrics-random-concurrent-20260807-034315.tsv,metrics-tsv,224,130
logs/vllm-tests/metrics-random-concurrent-20260807-040142.tsv,metrics-tsv,224,130
logs/vllm-tests/metrics-random-concurrent-20260807-155723.tsv,metrics-tsv,224,130
logs/vllm-tests/metrics-random-concurrent-20260807-160319.tsv,metrics-tsv,224,130
logs/vllm-tests/metrics-random-concurrent-20260807-160833.tsv,metrics-tsv,224,130
logs/vllm-tests/metrics-smoke-20260806-223613.tsv,metrics-tsv,424,235
logs/vllm-tests/metrics-smoke-20260806-223837.tsv,metrics-tsv,424,233
logs/vllm-tests/metrics-smoke-20260806-224552.tsv,metrics-tsv,457,249
logs/vllm-tests/metrics-smoke-20260806-224937.tsv,metrics-tsv,458,247
logs/vllm-tests/metrics-smoke-20260806-230938.tsv,metrics-tsv,682,351
logs/vllm-tests/metrics-smoke-20260807-000704.tsv,metrics-tsv,697,360
logs/vllm-tests/metrics-smoke-20260807-001404.tsv,metrics-tsv,708,361
logs/vllm-tests/metrics-smoke-20260807-002642.tsv,metrics-tsv,707,357
logs/vllm-tests/metrics-smoke-20260807-003325.tsv,metrics-tsv,707,357
logs/vllm-tests/metrics-smoke-20260807-004600.tsv,metrics-tsv,224,130
logs/vllm-tests/metrics-smoke-20260807-004748.tsv,metrics-tsv,224,130
logs/vllm-tests/pds-v100-vllm-019-20260806-223613.log,test-log,9445,3007
logs/vllm-tests/pds-v100-vllm-019-20260806-223837.log,test-log,11003,3148
logs/vllm-tests/pds-v100-vllm-019-20260806-224552.log,test-log,7863,2841
logs/vllm-tests/pds-v100-vllm-019-20260806-224937.log,test-log,7863,2833
logs/vllm-tests/pds-v100-vllm-019-20260806-230938.log,test-log,9445,2990
logs/vllm-tests/pds-v100-vllm-019-20260807-000704.log,test-log,15071,3417
logs/vllm-tests/pds-v100-vllm-019-20260807-001404.log,test-log,87027,7596
logs/vllm-tests/pds-v100-vllm-019-20260807-002642.log,test-log,20609,4217
logs/vllm-tests/pds-v100-vllm-019-20260807-003325.log,test-log,18098,4198
logs/vllm-tests/pds-v100-vllm-019-concurrent-20260807-004748.log,test-log,284,190
logs/vllm-tests/pds-v100-vllm-019-concurrent-20260807-005633.log,test-log,284,191
logs/vllm-tests/pds-v100-vllm-019-concurrent-20260807-014034.log,test-log,393,223
logs/vllm-tests/pds-v100-vllm-019-concurrent-20260807-015359.log,test-log,395,226
logs/vllm-tests/pds-v100-vllm-019-concurrent-20260807-032336.log,test-log,387,222
logs/vllm-tests/pds-v100-vllm-019-concurrent-client.py,other,4519,1711
logs/vllm-tests/pds-v100-vllm-019-concurrent-thermal-20260807-004748.csv,thermal-csv,1837,371
logs/vllm-tests/pds-v100-vllm-019-concurrent-thermal-20260807-005633.csv,thermal-csv,1838,370
logs/vllm-tests/pds-v100-vllm-019-concurrent-thermal-20260807-014034.csv,thermal-csv,4386,883
logs/vllm-tests/pds-v100-vllm-019-concurrent-thermal-20260807-015359.csv,thermal-csv,21469,3258
logs/vllm-tests/pds-v100-vllm-019-concurrent-thermal-20260807-032336.csv,thermal-csv,10338,1658
logs/vllm-tests/pds-v100-vllm-019-runner.py,other,5098,1788
logs/vllm-tests/pds-v100-vllm-019-server-20260807-004748.log,test-log,99850,5865
logs/vllm-tests/pds-v100-vllm-019-server-20260807-005633.log,test-log,99850,5880
logs/vllm-tests/pds-v100-vllm-019-server-20260807-014034.log,test-log,192086,9151
logs/vllm-tests/pds-v100-vllm-019-server-20260807-015359.log,test-log,472988,18908
logs/vllm-tests/pds-v100-vllm-019-server-20260807-032336.log,test-log,34841,4393
logs/vllm-tests/pds-v100-vllm-019-thermal-20260806-224552.csv,thermal-csv,987,263
logs/vllm-tests/pds-v100-vllm-019-thermal-20260806-224937.csv,thermal-csv,991,253
logs/vllm-tests/pds-v100-vllm-019-thermal-20260806-230938.csv,thermal-csv,1043,268
logs/vllm-tests/pds-v100-vllm-019-thermal-20260807-000704.csv,thermal-csv,1520,358
logs/vllm-tests/pds-v100-vllm-019-thermal-20260807-001404.csv,thermal-csv,6559,1284
logs/vllm-tests/pds-v100-vllm-019-thermal-20260807-002642.csv,thermal-csv,4013,855
logs/vllm-tests/pds-v100-vllm-019-thermal-20260807-003325.csv,thermal-csv,4017,832
logs/vllm-tests/pds-v100-vllm-021-20260806-223633.log,test-log,11431,3567
logs/vllm-tests/pds-v100-vllm-021-20260806-223859.log,test-log,12989,3703
logs/vllm-tests/pds-v100-vllm-021-20260806-224611.log,test-log,10066,3410
logs/vllm-tests/pds-v100-vllm-021-20260806-224956.log,test-log,10066,3412
logs/vllm-tests/pds-v100-vllm-021-20260806-230959.log,test-log,11431,3555
logs/vllm-tests/pds-v100-vllm-021-20260807-000733.log,test-log,17271,4013
logs/vllm-tests/pds-v100-vllm-021-20260807-001608.log,test-log,89336,8281
logs/vllm-tests/pds-v100-vllm-021-20260807-002757.log,test-log,22981,4840
logs/vllm-tests/pds-v100-vllm-021-20260807-003439.log,test-log,20352,4820
logs/vllm-tests/pds-v100-vllm-021-concurrent-20260807-004829.log,test-log,284,193
logs/vllm-tests/pds-v100-vllm-021-concurrent-20260807-005718.log,test-log,284,192
logs/vllm-tests/pds-v100-vllm-021-concurrent-20260807-014207.log,test-log,393,223
logs/vllm-tests/pds-v100-vllm-021-concurrent-20260807-020048.log,test-log,395,227
logs/vllm-tests/pds-v100-vllm-021-concurrent-20260807-032700.log,test-log,387,223
logs/vllm-tests/pds-v100-vllm-021-concurrent-client.py,other,4519,1711
logs/vllm-tests/pds-v100-vllm-021-concurrent-thermal-20260807-004829.csv,thermal-csv,1983,383
logs/vllm-tests/pds-v100-vllm-021-concurrent-thermal-20260807-005718.csv,thermal-csv,1983,384
logs/vllm-tests/pds-v100-vllm-021-concurrent-thermal-20260807-014207.csv,thermal-csv,4536,874
logs/vllm-tests/pds-v100-vllm-021-concurrent-thermal-20260807-020048.csv,thermal-csv,21677,3290
logs/vllm-tests/pds-v100-vllm-021-concurrent-thermal-20260807-032700.csv,thermal-csv,9998,1739
logs/vllm-tests/pds-v100-vllm-021-runner.py,other,5098,1788
logs/vllm-tests/pds-v100-vllm-021-server-20260807-004829.log,test-log,102101,6535
logs/vllm-tests/pds-v100-vllm-021-server-20260807-005718.log,test-log,102101,6487
logs/vllm-tests/pds-v100-vllm-021-server-20260807-014207.log,test-log,194337,9809
logs/vllm-tests/pds-v100-vllm-021-server-20260807-020048.log,test-log,475239,19559
logs/vllm-tests/pds-v100-vllm-021-server-20260807-032700.log,test-log,37473,5110
logs/vllm-tests/pds-v100-vllm-021-thermal-20260806-224611.csv,thermal-csv,1184,280
logs/vllm-tests/pds-v100-vllm-021-thermal-20260806-224956.csv,thermal-csv,1184,296
logs/vllm-tests/pds-v100-vllm-021-thermal-20260806-230959.csv,thermal-csv,1238,313
logs/vllm-tests/pds-v100-vllm-021-thermal-20260807-000733.csv,thermal-csv,1768,410
logs/vllm-tests/pds-v100-vllm-021-thermal-20260807-001608.csv,thermal-csv,7072,1363
logs/vllm-tests/pds-v100-vllm-021-thermal-20260807-002757.csv,thermal-csv,4267,894
logs/vllm-tests/pds-v100-vllm-021-thermal-20260807-003439.csv,thermal-csv,4261,901
logs/vllm-tests/pds-v100-vllm-023-20260806-223657.log,test-log,11385,3474
logs/vllm-tests/pds-v100-vllm-023-20260806-223927.log,test-log,13161,3630
logs/vllm-tests/pds-v100-vllm-023-20260806-224634.log,test-log,10021,3318
logs/vllm-tests/pds-v100-vllm-023-20260806-225019.log,test-log,10021,3323
logs/vllm-tests/pds-v100-vllm-023-20260806-231023.log,test-log,11386,3464
logs/vllm-tests/pds-v100-vllm-023-20260807-000807.log,test-log,17011,3875
logs/vllm-tests/pds-v100-vllm-023-20260807-001823.log,test-log,89520,8287
logs/vllm-tests/pds-v100-vllm-023-20260807-002917.log,test-log,22922,4749
logs/vllm-tests/pds-v100-vllm-023-20260807-003559.log,test-log,20216,4734
logs/vllm-tests/pds-v100-vllm-023-concurrent-20260807-004600.log,test-log,284,192
logs/vllm-tests/pds-v100-vllm-023-concurrent-20260807-004915.log,test-log,284,191
logs/vllm-tests/pds-v100-vllm-023-concurrent-20260807-005807.log,test-log,284,194
logs/vllm-tests/pds-v100-vllm-023-concurrent-20260807-014346.log,test-log,393,224
logs/vllm-tests/pds-v100-vllm-023-concurrent-20260807-020743.log,test-log,395,226
logs/vllm-tests/pds-v100-vllm-023-concurrent-20260807-033020.log,test-log,387,219
logs/vllm-tests/pds-v100-vllm-023-concurrent-20260807-034319.log,test-log,382,217
logs/vllm-tests/pds-v100-vllm-023-concurrent-20260807-160838.log,test-log,383,219
logs/vllm-tests/pds-v100-vllm-023-concurrent-client.py,other,4519,1711
logs/vllm-tests/pds-v100-vllm-023-concurrent-thermal-20260807-004600.csv,thermal-csv,1984,382
logs/vllm-tests/pds-v100-vllm-023-concurrent-thermal-20260807-004915.csv,thermal-csv,1984,395
logs/vllm-tests/pds-v100-vllm-023-concurrent-thermal-20260807-005807.csv,thermal-csv,1983,390
logs/vllm-tests/pds-v100-vllm-023-concurrent-thermal-20260807-014346.csv,thermal-csv,4531,901
logs/vllm-tests/pds-v100-vllm-023-concurrent-thermal-20260807-020743.csv,thermal-csv,21650,3289
logs/vllm-tests/pds-v100-vllm-023-concurrent-thermal-20260807-021950.csv,thermal-csv,9995,911
logs/vllm-tests/pds-v100-vllm-023-concurrent-thermal-20260807-033020.csv,thermal-csv,9887,1690
logs/vllm-tests/pds-v100-vllm-023-concurrent-thermal-20260807-034319.csv,thermal-csv,6425,1099
logs/vllm-tests/pds-v100-vllm-023-concurrent-thermal-20260807-040146.csv,thermal-csv,1270,247
logs/vllm-tests/pds-v100-vllm-023-concurrent-thermal-20260807-155727.csv,thermal-csv,3494,405
logs/vllm-tests/pds-v100-vllm-023-concurrent-thermal-20260807-160324.csv,thermal-csv,3494,394
logs/vllm-tests/pds-v100-vllm-023-concurrent-thermal-20260807-160838.csv,thermal-csv,29834,4455
logs/vllm-tests/pds-v100-vllm-023-runner.py,other,5098,1788
logs/vllm-tests/pds-v100-vllm-023-server-20260807-004600.log,test-log,105776,6893
logs/vllm-tests/pds-v100-vllm-023-server-20260807-004915.log,test-log,105777,6913
logs/vllm-tests/pds-v100-vllm-023-server-20260807-005807.log,test-log,105777,6881
logs/vllm-tests/pds-v100-vllm-023-server-20260807-014346.log,test-log,198013,10158
logs/vllm-tests/pds-v100-vllm-023-server-20260807-020743.log,test-log,478915,20032
logs/vllm-tests/pds-v100-vllm-023-server-20260807-021950.log,test-log,15032,3983
logs/vllm-tests/pds-v100-vllm-023-server-20260807-033020.log,test-log,41420,5488
logs/vllm-tests/pds-v100-vllm-023-server-20260807-034319.log,test-log,22406,4899
logs/vllm-tests/pds-v100-vllm-023-server-20260807-040146.log,test-log,33333,4793
logs/vllm-tests/pds-v100-vllm-023-server-20260807-155727.log,test-log,22641,4084
logs/vllm-tests/pds-v100-vllm-023-server-20260807-160324.log,test-log,22641,4082
logs/vllm-tests/pds-v100-vllm-023-server-20260807-160838.log,test-log,27161,4475
logs/vllm-tests/pds-v100-vllm-023-thermal-20260806-224634.csv,thermal-csv,1279,268
logs/vllm-tests/pds-v100-vllm-023-thermal-20260806-225019.csv,thermal-csv,1233,271
logs/vllm-tests/pds-v100-vllm-023-thermal-20260806-231023.csv,thermal-csv,1289,304
logs/vllm-tests/pds-v100-vllm-023-thermal-20260807-000807.csv,thermal-csv,1814,378
logs/vllm-tests/pds-v100-vllm-023-thermal-20260807-001823.csv,thermal-csv,7016,1361
logs/vllm-tests/pds-v100-vllm-023-thermal-20260807-002917.csv,thermal-csv,4313,892
logs/vllm-tests/pds-v100-vllm-023-thermal-20260807-003559.csv,thermal-csv,4315,887
logs/vllm-tests/run-baseline-20260807-032332.csv,thermal-csv,606,169
logs/vllm-tests/run-baseline-20260807-034315.csv,thermal-csv,606,176
logs/vllm-tests/run-baseline-20260807-040142.csv,thermal-csv,606,176
logs/vllm-tests/run-baseline-20260807-155723.csv,thermal-csv,646,187
logs/vllm-tests/run-baseline-20260807-160319.csv,thermal-csv,646,186
logs/vllm-tests/run-baseline-20260807-160833.csv,thermal-csv,606,178
logs/vllm-tests/summary-concurrent-20260807-005633.txt,other,647,275
logs/vllm-tests/summary-random-concurrent-20260807-014034.txt,other,654,280
logs/vllm-tests/summary-random-concurrent-20260807-015359.txt,other,654,285
logs/vllm-tests/summary-random-concurrent-20260807-021950.txt,other,143,143
logs/vllm-tests/summary-random-concurrent-20260807-032332.txt,other,770,364
logs/vllm-tests/summary-random-concurrent-20260807-034315.txt,other,457,336
logs/vllm-tests/summary-random-concurrent-20260807-040142.txt,other,480,363
logs/vllm-tests/summary-random-concurrent-20260807-155723.txt,other,537,376
logs/vllm-tests/summary-random-concurrent-20260807-160319.txt,other,537,376
logs/vllm-tests/summary-random-concurrent-20260807-160833.txt,other,561,384
logs/vllm-tests/summary-smoke-20260806-223613.txt,other,530,252
logs/vllm-tests/summary-smoke-20260806-223837.txt,other,530,254
logs/vllm-tests/summary-smoke-20260806-224552.txt,other,530,255
logs/vllm-tests/summary-smoke-20260806-224937.txt,other,530,256
logs/vllm-tests/summary-smoke-20260806-230938.txt,other,530,253
logs/vllm-tests/summary-smoke-20260807-000704.txt,other,530,253
logs/vllm-tests/summary-smoke-20260807-001404.txt,other,530,254
logs/vllm-tests/summary-smoke-20260807-002642.txt,other,530,254
logs/vllm-tests/summary-smoke-20260807-003325.txt,other,530,255
logs/vllm-tests/summary-smoke-20260807-004600.txt,other,331,246
logs/vllm-tests/summary-smoke-20260807-004748.txt,other,647,279
logs/Archived Logs/validation/20260806-192137-standard/pds-v100-vllm-019/,validation,0,0
logs/Archived Logs/validation/20260806-192137-standard/pds-v100-vllm-021/,validation,0,0
logs/Archived Logs/validation/20260806-192137-standard/,validation,0,0
logs/Archived Logs/smoke-tests/,archived-smoke,0,0
logs/Archived Logs/validation/,validation,0,0
logs/Archived Logs/,other,0,0
logs/vllm-tests/,other,0,0
logs/,other,0,0
